ubigeo,departamento,capital,latitud,longitud,lluvia_total_mm,dias_lluvia_fuerte,declaratorias,prorrogas
01,Amazonas,Chachapoyas,-6.23169,-77.86903,436.5,1,1,0
02,Áncash,Huaraz,-9.52614,-77.52869,975.3,7,0,0
03,Apurímac,Abancay,-13.63426,-72.8838,711.8,2,0,0
04,Arequipa,Arequipa,-16.39899,-71.53747,189.9,0,0,0
05,Ayacucho,Ayacucho,-13.1638,-74.22345,485.1,0,1,0
06,Cajamarca,Cajamarca,-7.16378,-78.50027,773.3,1,0,0
07,Callao,Callao,-12.05162,-77.13452,39.2,0,0,0
08,Cusco,Cusco,-13.53188,-71.96701,710.7,3,0,0
09,Huancavelica,Huancavelica,-12.78691,-74.97298,803.8,1,0,0
10,Huánuco,Huánuco,-9.92882,-76.23989,444.8,1,0,0
11,Ica,Ica,-14.07538,-75.73422,25.1,0,0,0
12,Junín,Huancayo,-12.06866,-75.21027,910.4,5,0,0
13,La Libertad,Trujillo,-8.11599,-79.02998,98.9,1,0,0
14,Lambayeque,Chiclayo,-6.77008,-79.85495,98.8,0,0,0
15,Lima,Lima,-12.04318,-77.02824,39.2,0,0,0
16,Loreto,Iquitos,-3.74814,-73.2529,1581.8,25,0,0
17,Madre de Dios,Puerto Maldonado,-12.58946,-69.19948,908.0,13,0,0
18,Moquegua,Moquegua,-17.19747,-70.93587,17.8,0,0,0
19,Pasco,Cerro de Pasco,-10.66577,-76.25309,774.0,0,0,0
20,Piura,Piura,-5.18192,-80.65715,89.2,0,1,0
21,Puno,Puno,-15.84003,-70.02198,779.5,3,0,0
22,San Martín,Moyobamba,-6.03441,-76.97423,789.8,4,0,0
23,Tacna,Tacna,-18.01465,-70.25362,11.5,0,0,0
24,Tumbes,Tumbes,-3.55592,-80.44258,332.3,1,0,0
25,Ucayali,Pucallpa,-8.37915,-74.55387,1288.8,20,0,0
